INSERT INTO GBS.ATTACHMENT_TYPE(ATTACHMENT_TYPE_ID, ATTACHMENT_TYPE_NAME, CREATED_BY, CREATED_ON, UPDATED_BY, UPDATED_ON, DISPLAY_SEQUENCE, SHOW_FIELDS, FUNCTION_USED)
  VALUES(1, 'التشكيل', NULL, NULL, NULL, NULL, 1, 1, 'ADD_BOARD');
INSERT INTO GBS.ATTACHMENT_TYPE(ATTACHMENT_TYPE_ID, ATTACHMENT_TYPE_NAME, CREATED_BY, CREATED_ON, UPDATED_BY, UPDATED_ON, DISPLAY_SEQUENCE, SHOW_FIELDS, FUNCTION_USED)
  VALUES(2, 'مرجع آخر', NULL, NULL, NULL, NULL, 2, 0, NULL);
INSERT INTO GBS.ATTACHMENT_TYPE(ATTACHMENT_TYPE_ID, ATTACHMENT_TYPE_NAME, CREATED_BY, CREATED_ON, UPDATED_BY, UPDATED_ON, DISPLAY_SEQUENCE, SHOW_FIELDS, FUNCTION_USED)
  VALUES(3, 'تعيين الأعضاء', NULL, NULL, NULL, NULL, 1, 1, 'UPDATE_BOARD');
  
  
  INSERT INTO GBS.ORGANZIATION_TYPE(ORGANIZATION_TYPE_ID, ORGANIZATION_TYPE_NAME, ORGANIZATION_TYPE_DESCRIPTION, CREATED_BY, CREATED_ON, UPDATED_BY, UPDATED_ON)
  VALUES(1, 'Source', NULL, NULL, NULL, NULL, NULL);
INSERT INTO GBS.ORGANZIATION_TYPE(ORGANIZATION_TYPE_ID, ORGANIZATION_TYPE_NAME, ORGANIZATION_TYPE_DESCRIPTION, CREATED_BY, CREATED_ON, UPDATED_BY, UPDATED_ON)
  VALUES(2, 'Destination', NULL, NULL, NULL, NULL, NULL);
  
  
  INSERT INTO GBS.GOVERNMENT_BOARD_TYPE(GOVERNMENT_BOARD_TYPE_ID, GOVERNMENT_BOARD_TYPE_NAME, CREATED_BY, CREATED_ON, UPDATED_BY, UPDATED_ON)
  VALUES(1, 'لجنة', NULL, NULL, NULL, NULL);
INSERT INTO GBS.GOVERNMENT_BOARD_TYPE(GOVERNMENT_BOARD_TYPE_ID, GOVERNMENT_BOARD_TYPE_NAME, CREATED_BY, CREATED_ON, UPDATED_BY, UPDATED_ON)
  VALUES(2, 'مجلس إدارة', NULL, NULL, NULL, NULL);
  
  
INSERT INTO GBS.BOARD_TYPE(BOARD_TYPE_ID, BOARD_TYPE_NAME, BOARD_TYPE_NAME_NORMALIZE, CREATED_BY, CREATED_ON, UPDATED_BY, UPDATED_ON, HAVE_EXPIRY_DATE, DISPLAY_SEQUENCE, REQUIRED_LEGISLATIVE_TOOL, GOVERNMENT_BOARD_TYPE_ID)
  VALUES(1, 'لجنة دائمة', 'لجنه داىمه', NULL, NULL, NULL, NULL, 0, 1, 0, 1);
INSERT INTO GBS.BOARD_TYPE(BOARD_TYPE_ID, BOARD_TYPE_NAME, BOARD_TYPE_NAME_NORMALIZE, CREATED_BY, CREATED_ON, UPDATED_BY, UPDATED_ON, HAVE_EXPIRY_DATE, DISPLAY_SEQUENCE, REQUIRED_LEGISLATIVE_TOOL, GOVERNMENT_BOARD_TYPE_ID)
  VALUES(2, 'لجنة غير دائمة', 'لجنه غىر داىمه', NULL, NULL, NULL, NULL, 1, 2, 0, 1);
INSERT INTO GBS.BOARD_TYPE(BOARD_TYPE_ID, BOARD_TYPE_NAME, BOARD_TYPE_NAME_NORMALIZE, CREATED_BY, CREATED_ON, UPDATED_BY, UPDATED_ON, HAVE_EXPIRY_DATE, DISPLAY_SEQUENCE, REQUIRED_LEGISLATIVE_TOOL, GOVERNMENT_BOARD_TYPE_ID)
  VALUES(3, 'مجلس دائم', 'مجلس داىم', NULL, NULL, NULL, NULL, 0, 3, 1, 2);
INSERT INTO GBS.BOARD_TYPE(BOARD_TYPE_ID, BOARD_TYPE_NAME, BOARD_TYPE_NAME_NORMALIZE, CREATED_BY, CREATED_ON, UPDATED_BY, UPDATED_ON, HAVE_EXPIRY_DATE, DISPLAY_SEQUENCE, REQUIRED_LEGISLATIVE_TOOL, GOVERNMENT_BOARD_TYPE_ID)
  VALUES(4, 'مجلس غير دائم', 'مجلس  غىر داىم', NULL, NULL, NULL, NULL, 1, 4, 1, 2);
  
  
INSERT INTO GBS.DECREE_TYPE(DECREE_TYPE_ID, DECREE_TYPE_NAME, DECREE_TYPE_NAME_NORMALIZED, CREATED_BY, CREATED_ON, UPDATED_BY, UPDATED_ON, DISPLAY_SEQUENCE)
  VALUES(5, 'القرار', 'القرار', NULL, NULL, NULL, NULL, 5);
INSERT INTO GBS.DECREE_TYPE(DECREE_TYPE_ID, DECREE_TYPE_NAME, DECREE_TYPE_NAME_NORMALIZED, CREATED_BY, CREATED_ON, UPDATED_BY, UPDATED_ON, DISPLAY_SEQUENCE)
  VALUES(4, 'أمر ملكي', 'أمر ملكي', NULL, NULL, NULL, NULL, 4);
INSERT INTO GBS.DECREE_TYPE(DECREE_TYPE_ID, DECREE_TYPE_NAME, DECREE_TYPE_NAME_NORMALIZED, CREATED_BY, CREATED_ON, UPDATED_BY, UPDATED_ON, DISPLAY_SEQUENCE)
  VALUES(1, 'قانون', 'قانون', NULL, NULL, NULL, NULL, 1);
INSERT INTO GBS.DECREE_TYPE(DECREE_TYPE_ID, DECREE_TYPE_NAME, DECREE_TYPE_NAME_NORMALIZED, CREATED_BY, CREATED_ON, UPDATED_BY, UPDATED_ON, DISPLAY_SEQUENCE)
  VALUES(2, 'مرسوم بقانون', 'مرسوم بقانون', NULL, NULL, NULL, NULL, 2);
INSERT INTO GBS.DECREE_TYPE(DECREE_TYPE_ID, DECREE_TYPE_NAME, DECREE_TYPE_NAME_NORMALIZED, CREATED_BY, CREATED_ON, UPDATED_BY, UPDATED_ON, DISPLAY_SEQUENCE)
  VALUES(3, 'مرسوم', 'مرسوم', NULL, NULL, NULL, NULL, 3);


INSERT INTO GBS.NOTIFICATION_PERIOD(NOTIFICATION_PERIOD_ID, NOTIFICATION_PERIOD_NAME, NOTIFICATION_PERIOD_DAY, CREATED_BY, CREATED_ON, UPDATED_BY, UPDATED_ON, DISPLAYSEQUENCE)
  VALUES(1, 'يوم', '1', NULL, NULL, NULL, NULL, 1);
INSERT INTO GBS.NOTIFICATION_PERIOD(NOTIFICATION_PERIOD_ID, NOTIFICATION_PERIOD_NAME, NOTIFICATION_PERIOD_DAY, CREATED_BY, CREATED_ON, UPDATED_BY, UPDATED_ON, DISPLAYSEQUENCE)
  VALUES(2, 'اسبوع', '7', NULL, NULL, NULL, NULL, 2);
INSERT INTO GBS.NOTIFICATION_PERIOD(NOTIFICATION_PERIOD_ID, NOTIFICATION_PERIOD_NAME, NOTIFICATION_PERIOD_DAY, CREATED_BY, CREATED_ON, UPDATED_BY, UPDATED_ON, DISPLAYSEQUENCE)
  VALUES(3, 'شهر', '30', NULL, NULL, NULL, NULL, 3);
INSERT INTO GBS.NOTIFICATION_PERIOD(NOTIFICATION_PERIOD_ID, NOTIFICATION_PERIOD_NAME, NOTIFICATION_PERIOD_DAY, CREATED_BY, CREATED_ON, UPDATED_BY, UPDATED_ON, DISPLAYSEQUENCE)
  VALUES(4, 'سنة', '365', NULL, NULL, NULL, NULL, 5);
INSERT INTO GBS.NOTIFICATION_PERIOD(NOTIFICATION_PERIOD_ID, NOTIFICATION_PERIOD_NAME, NOTIFICATION_PERIOD_DAY, CREATED_BY, CREATED_ON, UPDATED_BY, UPDATED_ON, DISPLAYSEQUENCE)
  VALUES(5, 'ثلاث اشهر', '90', NULL, NULL, NULL, NULL, 4);

  
INSERT INTO GBS.NOTIFICATION_REPEAT(NOTIFICATION_REPEAT_ID, NOTIFICATION_PERIOD_ID, NOTIFICATION_PERIOD_CHILD_ID)
  VALUES(DEFAULT, 2, 1);
INSERT INTO GBS.NOTIFICATION_REPEAT(NOTIFICATION_REPEAT_ID, NOTIFICATION_PERIOD_ID, NOTIFICATION_PERIOD_CHILD_ID)
  VALUES(DEFAULT, 3, 1);
INSERT INTO GBS.NOTIFICATION_REPEAT(NOTIFICATION_REPEAT_ID, NOTIFICATION_PERIOD_ID, NOTIFICATION_PERIOD_CHILD_ID)
  VALUES(DEFAULT, 3, 2);
INSERT INTO GBS.NOTIFICATION_REPEAT(NOTIFICATION_REPEAT_ID, NOTIFICATION_PERIOD_ID, NOTIFICATION_PERIOD_CHILD_ID)
  VALUES(DEFAULT, 4, 1);
INSERT INTO GBS.NOTIFICATION_REPEAT(NOTIFICATION_REPEAT_ID, NOTIFICATION_PERIOD_ID, NOTIFICATION_PERIOD_CHILD_ID)
  VALUES(DEFAULT, 4, 2);
INSERT INTO GBS.NOTIFICATION_REPEAT(NOTIFICATION_REPEAT_ID, NOTIFICATION_PERIOD_ID, NOTIFICATION_PERIOD_CHILD_ID)
  VALUES(DEFAULT, 4, 3);
INSERT INTO GBS.NOTIFICATION_REPEAT(NOTIFICATION_REPEAT_ID, NOTIFICATION_PERIOD_ID, NOTIFICATION_PERIOD_CHILD_ID)
  VALUES(DEFAULT, 5, 1);
INSERT INTO GBS.NOTIFICATION_REPEAT(NOTIFICATION_REPEAT_ID, NOTIFICATION_PERIOD_ID, NOTIFICATION_PERIOD_CHILD_ID)
  VALUES(DEFAULT, 5, 2);  
INSERT INTO GBS.NOTIFICATION_REPEAT(NOTIFICATION_REPEAT_ID, NOTIFICATION_PERIOD_ID, NOTIFICATION_PERIOD_CHILD_ID)
  VALUES(DEFAULT, 5, 3);
  
  
   INSERT INTO GBS.ORGANIZATION (ORGANIZATION_ID, ORGANIZATION_NAME,ORGANIZATION_TYPE_ID)  
    VALUES
            (DEFAULT, 'وزارة العدل والشئون الإسلامية', 2),
            (DEFAULT, 'وزارة الخارجية', 2),
            (DEFAULT, 'وزارة المواصلات', 2),
            (DEFAULT, 'قوة دفاع البحرين', 2),
            (DEFAULT, 'شئون الطيران المدني', 2),
            (DEFAULT, 'وزارة الداخلية', 2),
            (DEFAULT, 'وزارة شئون البلديات والزراعة', 2),
            (DEFAULT, 'وزارة شئون مجلسي الشورى والنواب', 2),
            (DEFAULT, 'وزارة المالية', 2),
            (DEFAULT, 'وزارة الأشغال', 2),
            (DEFAULT, 'وزارة الإسكان', 2),
            (DEFAULT, 'وزارة التجارة والصناعة', 2),
            (DEFAULT, 'وزارة الثقافة', 2),
            (DEFAULT, 'وزارة التربية و التعليم', 2),
            (DEFAULT, 'وزارة العمل', 2),
            (DEFAULT, 'وزارة الصحة', 2),
            (DEFAULT, 'وزارة التنمية الاجتماعية', 2),
            (DEFAULT, 'وزارة شئون مجلس الوزراء', 2),
            (DEFAULT, 'مجلس المناقصات', 2),
            (DEFAULT, 'هيئة الكهرباء والماء', 2),
            (DEFAULT, 'المؤسسة العامة للموانئ البحرية', 2),
            (DEFAULT, 'الجهاز المركزي للمعلومات', 2),
            (DEFAULT, 'المؤسسة العامة للشباب و الرياضة', 2),
            (DEFAULT, 'مركز البحرين للدراسات و البحوث', 2),
            (DEFAULT, 'مصرف البحرين المركزي', 2),
            (DEFAULT, 'ديوان الخدمة المدنية', 2),
            (DEFAULT, 'الهيئة العامة للتأمين الاجتماعي', 2),
            (DEFAULT, 'دائرة الشئون القانونية', 2),
            (DEFAULT, 'جهاز المساحة والتسجيل العقاري', 2),
            (DEFAULT, 'الهيئة الوطنية للنفط والغاز', 2),
            (DEFAULT, 'المؤسسة الخيرية الملكية', 2),
            (DEFAULT, 'الهيئة العامة لحماية الثروة البحرية والبيئة والحياة الفطرية', 2),
            (DEFAULT, 'مجلس التنمية الاقتصادية', 2),
            (DEFAULT, 'هيئة تنظيم سوق العمل', 2),
            (DEFAULT, 'صندوق العمل', 2),
            (DEFAULT, 'المجلس الاعلى للمرأة', 2),
            (DEFAULT, 'المحكمة الدستورية', 2),
            (DEFAULT, 'هيئة تنظيم الاتصالات', 2),
            (DEFAULT, 'هيئة الحكومة الإلكترونية', 2),
            (DEFAULT, 'معهد الإدارة العامة', 2),
            (DEFAULT, 'ديوان الرقابة المالية', 2),
            (DEFAULT, 'هيئة ضمان جودة التعليم والتدريب', 2),
            (DEFAULT, 'مكتب نائب رئيس مجلس الوزراء', 2),
            (DEFAULT, 'غرفة البحرين لتسوية المنازعات', 2),
            (DEFAULT, 'هيئة شؤون الاعلام', 2),
            (DEFAULT, 'بنك الإسكان', 2),
            (DEFAULT, 'مجلس الشورى', 2),
            (DEFAULT, 'مجلس النواب', 2),
            (DEFAULT, 'مكتب النائب الأول لرئيس مجلس الوزراء', 1),
            (DEFAULT, 'الديوان الملكي', 1),
            (DEFAULT, 'ديوان رئيس الوزراء', 1),
            (DEFAULT, 'ديوان ولي العهد', 1);
            



INSERT INTO GBS.ROLE(ROLE_ID, ROLE_NAME, ROLE_NORMALIZED, CREATED_BY, CREATED_ON, UPDATED_BY, UPDATED_ON, ROLE_NAME_ENGLISH, COUNT_VALID, DISPLAY_SEQUENCE)
  VALUES(DEFAULT, 'عضو', NULL, NULL, NULL, NULL, NULL, NULL, '', 5);
INSERT INTO GBS.ROLE(ROLE_ID, ROLE_NAME, ROLE_NORMALIZED, CREATED_BY, CREATED_ON, UPDATED_BY, UPDATED_ON, ROLE_NAME_ENGLISH, COUNT_VALID, DISPLAY_SEQUENCE)
  VALUES(DEFAULT, 'الرئيس', NULL, NULL, NULL, NULL, NULL, NULL, '1', 1);
INSERT INTO GBS.ROLE(ROLE_ID, ROLE_NAME, ROLE_NORMALIZED, CREATED_BY, CREATED_ON, UPDATED_BY, UPDATED_ON, ROLE_NAME_ENGLISH, COUNT_VALID, DISPLAY_SEQUENCE)
  VALUES(DEFAULT, 'نائب', NULL, NULL, NULL, NULL, NULL, NULL, '', 2);
INSERT INTO GBS.ROLE(ROLE_ID, ROLE_NAME, ROLE_NORMALIZED, CREATED_BY, CREATED_ON, UPDATED_BY, UPDATED_ON, ROLE_NAME_ENGLISH, COUNT_VALID, DISPLAY_SEQUENCE)
  VALUES(DEFAULT, 'نائب الرئيس الأول', NULL, NULL, NULL, NULL, NULL, NULL, '', 3);
INSERT INTO GBS.ROLE(ROLE_ID, ROLE_NAME, ROLE_NORMALIZED, CREATED_BY, CREATED_ON, UPDATED_BY, UPDATED_ON, ROLE_NAME_ENGLISH, COUNT_VALID, DISPLAY_SEQUENCE)
  VALUES(DEFAULT, 'نائب الرئيس الثاني', NULL, NULL, NULL, NULL, NULL, NULL, '', 4);
INSERT INTO GBS.ROLE(ROLE_ID, ROLE_NAME, ROLE_NORMALIZED, CREATED_BY, CREATED_ON, UPDATED_BY, UPDATED_ON, ROLE_NAME_ENGLISH, COUNT_VALID, DISPLAY_SEQUENCE)
  VALUES(DEFAULT, 'أمين سر', NULL, NULL, NULL, NULL, NULL, NULL, '1', 6);
INSERT INTO GBS.ROLE(ROLE_ID, ROLE_NAME, ROLE_NORMALIZED, CREATED_BY, CREATED_ON, UPDATED_BY, UPDATED_ON, ROLE_NAME_ENGLISH, COUNT_VALID, DISPLAY_SEQUENCE)
  VALUES(DEFAULT, 'مدقق مالي', NULL, NULL, NULL, NULL, NULL, NULL, '1', 7);

  
INSERT INTO GBS.STATUS_TYPE(STATUS_TYPE_ID, STATUS_TYPE_NAME, CREATED_BY, CREATED_ON, UPDATED_BY, UPDATED_ON)
  VALUES(1, 'Board', NULL, NULL, NULL, NULL);
INSERT INTO GBS.STATUS_TYPE(STATUS_TYPE_ID, STATUS_TYPE_NAME, CREATED_BY, CREATED_ON, UPDATED_BY, UPDATED_ON)
  VALUES(2, 'Member', NULL, NULL, NULL, NULL);
  
  
INSERT INTO GBS.STATUS(STATUS_ID, STATUS_NAME, CREATED_BY, CREATED_ON, UPDATED_BY, UPDATED_ON, STATUS_TYPE_ID, STATUS_NAME_KEY)
  VALUES(1, 'قائمة', NULL, NULL, NULL, NULL, 1, 'valid');
INSERT INTO GBS.STATUS(STATUS_ID, STATUS_NAME, CREATED_BY, CREATED_ON, UPDATED_BY, UPDATED_ON, STATUS_TYPE_ID, STATUS_NAME_KEY)
  VALUES(2, 'منتهية', NULL, NULL, NULL, NULL, 1, 'expired');
INSERT INTO GBS.STATUS(STATUS_ID, STATUS_NAME, CREATED_BY, CREATED_ON, UPDATED_BY, UPDATED_ON, STATUS_TYPE_ID, STATUS_NAME_KEY)
  VALUES(4, 'قائم', NULL, NULL, NULL, NULL, 2, 'valid');
INSERT INTO GBS.STATUS(STATUS_ID, STATUS_NAME, CREATED_BY, CREATED_ON, UPDATED_BY, UPDATED_ON, STATUS_TYPE_ID, STATUS_NAME_KEY)
  VALUES(5, 'منتهي', NULL, NULL, NULL, NULL, 2, 'expired');
INSERT INTO GBS.STATUS(STATUS_ID, STATUS_NAME, CREATED_BY, CREATED_ON, UPDATED_BY, UPDATED_ON, STATUS_TYPE_ID, STATUS_NAME_KEY)
  VALUES(3, 'جديدة', NULL, NULL, NULL, NULL, 1, 'new');
INSERT INTO GBS.STATUS(STATUS_ID, STATUS_NAME, CREATED_BY, CREATED_ON, UPDATED_BY, UPDATED_ON, STATUS_TYPE_ID, STATUS_NAME_KEY)
  VALUES(6, 'غير معين', NULL, NULL, NULL, NULL, 2, 'incomplete');

  
INSERT INTO GBS.SYSTEM_ROLE(SYSTEM_ROLE_ID, SYSTEM_ROLE_NAME, CREATED_BY, CREATED_ON, UPDATED_BY, UPDATED_ON)
  VALUES(DEFAULT, 'ROLE_USER', NULL, NULL, NULL, NULL);
INSERT INTO GBS.SYSTEM_ROLE(SYSTEM_ROLE_ID, SYSTEM_ROLE_NAME, CREATED_BY, CREATED_ON, UPDATED_BY, UPDATED_ON)
  VALUES(DEFAULT, 'ROLE_ADMIN', NULL, NULL, NULL, NULL);
  
INSERT INTO GBS.GROUP(GROUP_ID, GROUP_NAME, GROUP_NAME_NORMALIZED, CREATED_BY, CREATED_ON, UPDATED_BY, UPDATED_ON)
  VALUES(DEFAULT, 'USER_GROUP', NULL, NULL, NULL, NULL, NULL);
INSERT INTO GBS.GROUP(GROUP_ID, GROUP_NAME, GROUP_NAME_NORMALIZED, CREATED_BY, CREATED_ON, UPDATED_BY, UPDATED_ON)
  VALUES(DEFAULT, 'ADMIN_GROUP', NULL, NULL, NULL, NULL, NULL);
  
  
INSERT INTO GBS.GROUP_SYSTEM_ROLE(GROUP_ID, SYSTEM_ROLE_ID) 
	VALUES( (SELECT SYSTEM_ROLE_ID FROM GBS.SYSTEM_ROLE WHERE LOWER (SYSTEM_ROLE_NAME) = LOWER('ROLE_USER')), (SELECT GROUP_ID FROM GBS.GROUP WHERE LOWER (GROUP_NAME) = LOWER('USER_GROUP')));



INSERT INTO GBS.GROUP_SYSTEM_ROLE(GROUP_ID, SYSTEM_ROLE_ID) 
	VALUES( (SELECT SYSTEM_ROLE_ID FROM GBS.SYSTEM_ROLE WHERE LOWER (SYSTEM_ROLE_NAME) = LOWER('ROLE_ADMIN')), (SELECT GROUP_ID FROM GBS.GROUP WHERE LOWER (GROUP_NAME) = LOWER('ADMIN_GROUP')));


INSERT INTO GBS.USER(USER_NAME, PASSWORD, EMAIL, ORGNIZATION_ID, CREATED_BY, CREATED_ON, UPDATED_BY, UPDATED_ON , ENABLE) 
	VALUES('ahmed.ed@iga.gov.bh', '$2a$10$hCVnmYu0tNq5sLM2EX/g6ObOHexB9snbI/9Ge001.ZzvAwymB2s5O', 'ahmed.ed@iga.gov.bh', NULL, NULL, '2016-9-7 14:11:52', NULL, '2016-9-7 14:11:52' , 1);


INSERT INTO GBS.USER(USER_NAME, PASSWORD, EMAIL, ORGNIZATION_ID, CREATED_BY, CREATED_ON, UPDATED_BY, UPDATED_ON , ENABLE) 
	VALUES('dalal.na@iga.gov.bh', '$2a$10$hCVnmYu0tNq5sLM2EX/g6ObOHexB9snbI/9Ge001.ZzvAwymB2s5O', 'dalal.na@iga.gov.bh', NULL, NULL, '2016-9-7 14:11:52', NULL, '2016-9-7 14:11:52' , 1);



INSERT INTO GBS.USER(USER_NAME, PASSWORD, EMAIL, ORGNIZATION_ID, CREATED_BY, CREATED_ON, UPDATED_BY, UPDATED_ON , ENABLE) 
	VALUES('hany.reda@iga.gov.bh', '$2a$10$hCVnmYu0tNq5sLM2EX/g6ObOHexB9snbI/9Ge001.ZzvAwymB2s5O', 'hany.reda@iga.gov.bh', NULL, NULL, '2016-9-7 14:11:52', NULL, '2016-9-7 14:11:52' , 1);


INSERT INTO GBS.USER(USER_NAME, PASSWORD, EMAIL, ORGNIZATION_ID, CREATED_BY, CREATED_ON, UPDATED_BY, UPDATED_ON , ENABLE) 
	VALUES('smghayath@iga.gov.bh', '$2a$10$hCVnmYu0tNq5sLM2EX/g6ObOHexB9snbI/9Ge001.ZzvAwymB2s5O', 'smghayath@iga.gov.bh', NULL, NULL, '2016-9-7 14:11:52', NULL, '2016-9-7 14:11:52' , 1);


INSERT INTO GBS.USER_GROUP(USER_ID, GROUP_ID) 
	VALUES((SELECT USER_ID FROM GBS.USER WHERE LOWER(USER_NAME) = LOWER('ahmed.ed@iga.gov.bh')), (SELECT GROUP_ID FROM GBS.GROUP WHERE LOWER (GROUP_NAME) = LOWER('USER_GROUP')));

INSERT INTO GBS.USER_GROUP(USER_ID, GROUP_ID) 
	VALUES((SELECT USER_ID FROM GBS.USER WHERE LOWER(USER_NAME) = LOWER('ahmed.ed@iga.gov.bh')), (SELECT GROUP_ID FROM GBS.GROUP WHERE LOWER (GROUP_NAME) = LOWER('ADMIN_GROUP')));


INSERT INTO GBS.USER_GROUP(USER_ID, GROUP_ID) 
	VALUES((SELECT USER_ID FROM GBS.USER WHERE LOWER(USER_NAME) = LOWER('dalal.na@iga.gov.bh')), (SELECT GROUP_ID FROM GBS.GROUP WHERE LOWER (GROUP_NAME) = LOWER('USER_GROUP')));

INSERT INTO GBS.USER_GROUP(USER_ID, GROUP_ID) 
	VALUES((SELECT USER_ID FROM GBS.USER WHERE LOWER(USER_NAME) = LOWER('dalal.na@iga.gov.bh')), (SELECT GROUP_ID FROM GBS.GROUP WHERE LOWER (GROUP_NAME) = LOWER('ADMIN_GROUP')));


INSERT INTO GBS.USER_GROUP(USER_ID, GROUP_ID) 
	VALUES((SELECT USER_ID FROM GBS.USER WHERE LOWER(USER_NAME) = LOWER('hany.reda@iga.gov.bh')), (SELECT GROUP_ID FROM GBS.GROUP WHERE LOWER (GROUP_NAME) = LOWER('USER_GROUP')));

INSERT INTO GBS.USER_GROUP(USER_ID, GROUP_ID) 
	VALUES((SELECT USER_ID FROM GBS.USER WHERE LOWER(USER_NAME) = LOWER('hany.reda@iga.gov.bh')), (SELECT GROUP_ID FROM GBS.GROUP WHERE LOWER (GROUP_NAME) = LOWER('ADMIN_GROUP')));


INSERT INTO GBS.USER_GROUP(USER_ID, GROUP_ID) 
	VALUES((SELECT USER_ID FROM GBS.USER WHERE LOWER(USER_NAME) = LOWER('smghayath@iga.gov.bh')), (SELECT GROUP_ID FROM GBS.GROUP WHERE LOWER (GROUP_NAME) = LOWER('USER_GROUP')));

INSERT INTO GBS.USER_GROUP(USER_ID, GROUP_ID) 
	VALUES((SELECT USER_ID FROM GBS.USER WHERE LOWER(USER_NAME) = LOWER('smghayath@iga.gov.bh')), (SELECT GROUP_ID FROM GBS.GROUP WHERE LOWER (GROUP_NAME) = LOWER('ADMIN_GROUP')));

COMMIT;